{
    "width": 640,
    "height": 480,
    "M1": [
        [
            204.58511476042162,
            0.0,
            315.27241745525964
        ],
        [
            0.0,
            205.1512202784606,
            240.47154854084087
        ],
        [
            0.0,
            0.0,
            1.0
        ]
    ],
    "d1": [
        [
            0.07613528426476662,
            -0.08254514010697743,
            0.002277906999396723,
            -0.0057788865156802975,
            0.013710262629559846
        ]
    ],
    "M2": [
        [
            197.34179349305165,
            0.0,
            324.01004507741465
        ],
        [
            0.0,
            199.13437773307902,
            243.09779924677494
        ],
        [
            0.0,
            0.0,
            1.0
        ]
    ],
    "d2": [
        [
            0.03708226949037121,
            -0.04633697330941417,
            0.0026725569215965855,
            0.008497205712524663,
            0.006233172614054152
        ]
    ],
    "R": [
        [
            0.9994317997762988,
            -0.00015514315940497566,
            -0.03370539313683151
        ],
        [
            -0.0003513893938265832,
            0.9998871047843136,
            -0.015021791222653631
        ],
        [
            0.03370391848735373,
            0.015025099555183562,
            0.9993189141920384
        ]
    ],
    "T": [
        [
            15.11565860478863
        ],
        [
            0.14604785489546027
        ],
        [
            -0.6844347266547407
        ]
    ],
    "R1": [
        [
            0.996834451475748,
            0.008816011702093665,
            -0.07901489915650785
        ],
        [
            -0.009403526217162471,
            0.9999308168923525,
            -0.007066478873939141
        ],
        [
            0.0789471344997885,
            0.007787128267932752,
            0.9968483889677562
        ]
    ],
    "R2": [
        [
            0.9989299104132546,
            0.00965168468150958,
            -0.045231394678649665
        ],
        [
            -0.00931513710904213,
            0.9999273849568088,
            0.007645458395519524
        ],
        [
            0.04530190175265064,
            -0.007215940427039765,
            0.9989472798408064
        ]
    ],
    "P1": [
        [
            202.1427990057698,
            0.0,
            385.62817001342773,
            0.0
        ],
        [
            0.0,
            202.1427990057698,
            246.7100067138672,
            0.0
        ],
        [
            0.0,
            0.0,
            1.0,
            0.0
        ]
    ],
    "P2": [
        [
            202.1427990057698,
            0.0,
            385.62817001342773,
            3058.794723569306
        ],
        [
            0.0,
            202.1427990057698,
            246.7100067138672,
            0.0
        ],
        [
            0.0,
            0.0,
            1.0,
            0.0
        ]
    ],
    "Q": [
        [
            1.0,
            0.0,
            0.0,
            -385.62817001342773
        ],
        [
            0.0,
            1.0,
            0.0,
            -246.7100067138672
        ],
        [
            0.0,
            0.0,
            0.0,
            202.1427990057698
        ],
        [
            0.0,
            0.0,
            -0.06608576817796047,
            0.0
        ]
    ],
    "pixel_error": 2.5078349068550088,
    "pixel_error_left": 2.1415147686429057,
    "pixel_error_right": 2.1236885708200957,
    "calculated_baseline": 15.131851041015803,
    "fov_left": 114.81612053375267,
    "fov_right": 116.67630293276659
}