{
    "baseline": 12.0,
    "file": "stereo-12.0.json",
    "pixel_error": 2.5669144104449346,
    "calculated_baseline": 12.098264665481842
}