{
    "width": 640,
    "height": 480,
    "M1": [
        [
            188.8608175921793,
            0.0,
            316.5433090904749
        ],
        [
            0.0,
            190.3238495474942,
            240.14597129479975
        ],
        [
            0.0,
            0.0,
            1.0
        ]
    ],
    "d1": [
        [
            0.014590637028354964,
            -0.028719103584630073,
            0.002892616931085879,
            -0.0015032603814441575,
            0.003496132139382235
        ]
    ],
    "M2": [
        [
            195.1134040994533,
            0.0,
            324.30778683147025
        ],
        [
            0.0,
            197.65227392576588,
            244.3638064086488
        ],
        [
            0.0,
            0.0,
            1.0
        ]
    ],
    "d2": [
        [
            0.042014543193138666,
            -0.04441482748285839,
            0.0018776747883715798,
            0.004626154576651589,
            0.005772317438078683
        ]
    ],
    "R": [
        [
            0.999652645288304,
            0.002008099808490414,
            -0.026278437991165006
        ],
        [
            -0.002362207828000553,
            0.9999067391446338,
            -0.013451133309967537
        ],
        [
            0.02624897602333654,
            0.013508536127365025,
            0.9995641603766223
        ]
    ],
    "T": [
        [
            12.023756400623439
        ],
        [
            0.005230325202160154
        ],
        [
            1.3406202214690173
        ]
    ],
    "R1": [
        [
            0.9964038462073017,
            0.0039249064515223826,
            0.08464024085884048
        ],
        [
            -0.003360213632674447,
            0.9999711448207704,
            -0.006813111637170401
        ],
        [
            -0.08466453937534013,
            0.006504201348709599,
            0.9963882833198998
        ]
    ],
    "R2": [
        [
            0.9938414089194969,
            0.0004323202828487001,
            0.11081095169739473
        ],
        [
            -0.0011719666505420295,
            0.9999774682522972,
            0.006609801955896191
        ],
        [
            -0.11080559738153721,
            -0.006698961628430879,
            0.9938195226005683
        ]
    ],
    "P1": [
        [
            193.98806173663004,
            0.0,
            221.57261657714844,
            0.0
        ],
        [
            0.0,
            193.98806173663004,
            249.72038078308105,
            0.0
        ],
        [
            0.0,
            0.0,
            1.0,
            0.0
        ]
    ],
    "P2": [
        [
            193.98806173663004,
            0.0,
            221.57261657714844,
            2346.9189128335815
        ],
        [
            0.0,
            193.98806173663004,
            249.72038078308105,
            0.0
        ],
        [
            0.0,
            0.0,
            1.0,
            0.0
        ]
    ],
    "Q": [
        [
            1.0,
            0.0,
            0.0,
            -221.57261657714844
        ],
        [
            0.0,
            1.0,
            0.0,
            -249.72038078308105
        ],
        [
            0.0,
            0.0,
            0.0,
            193.98806173663004
        ],
        [
            0.0,
            0.0,
            -0.08265648236752081,
            0.0
        ]
    ],
    "pixel_error": 2.5669144104449346,
    "pixel_error_left": 2.1447838582073695,
    "pixel_error_right": 2.0198559280441457,
    "calculated_baseline": 12.098264665481842,
    "fov_left": 118.90263654019984,
    "fov_right": 117.25622090703912
}