{
    "camera_matrix": [
        [
            216.42798521764746,
            0.0,
            323.2625383098929
        ],
        [
            0.0,
            216.97203058329086,
            239.49047904276736
        ],
        [
            0.0,
            0.0,
            1.0
        ]
    ],
    "dist_coeffs": [
        [
            0.04019864167520106,
            -0.054094532519213936,
            0.0005267792934677776,
            -6.618213953149505e-05,
            0.007942088372218787
        ]
    ],
    "width": 640,
    "height": 480,
    "reprojection_error": 1.8559416293433113
}