{
    "timestamp": 1768836723.4713645,
    "baseline": 10.0,
    "width": 640,
    "height": 480,
    "M1": [
        [
            193.46116782774314,
            0.0,
            321.44524895044896
        ],
        [
            0.0,
            194.09649493963624,
            232.93126511438965
        ],
        [
            0.0,
            0.0,
            1.0
        ]
    ],
    "d1": [
        [
            0.0,
            0.0,
            0.0,
            0.0,
            0.0
        ]
    ],
    "M2": [
        [
            193.46116782774314,
            0.0,
            321.44524895044896
        ],
        [
            0.0,
            194.09649493963624,
            232.93126511438965
        ],
        [
            0.0,
            0.0,
            1.0
        ]
    ],
    "d2": [
        [
            0.0,
            0.0,
            0.0,
            0.0,
            0.0
        ]
    ],
    "R": [
        [
            0.9999516678251252,
            -0.009372522769538703,
            0.002969483235328899
        ],
        [
            0.00938816120974848,
            0.9999419006456424,
            -0.005296957832564435
        ],
        [
            -0.0029196648523751425,
            0.005324579806395086,
            0.9999815620335383
        ]
    ],
    "T": [
        [
            10.301298665424454
        ],
        [
            0.24765192034190814
        ],
        [
            -0.21344719988029726
        ]
    ],
    "R1": [
        [
            0.9997344753502309,
            0.01454927167525613,
            -0.01786889727762409
        ],
        [
            -0.014596115020145824,
            0.9998903609842363,
            -0.002493879935351699
        ],
        [
            0.01783065401260888,
            0.0027540342287026656,
            0.99983722828916
        ]
    ],
    "R2": [
        [
            0.9994967312377842,
            0.02402874558887496,
            -0.020709988662718653
        ],
        [
            -0.0239743102681726,
            0.9997084472958471,
            0.002872777835425275
        ],
        [
            0.020772979857261845,
            -0.0023748243622295695,
            0.9997813978651025
        ]
    ],
    "P1": [
        [
            194.09649493963624,
            0.0,
            335.30651473999023,
            0.0
        ],
        [
            0.0,
            194.09649493963624,
            232.7032928466797,
            0.0
        ],
        [
            0.0,
            0.0,
            1.0,
            0.0
        ]
    ],
    "P2": [
        [
            194.09649493963624,
            0.0,
            335.30651473999023,
            2000.4527296543638
        ],
        [
            0.0,
            194.09649493963624,
            232.7032928466797,
            0.0
        ],
        [
            0.0,
            0.0,
            1.0,
            0.0
        ]
    ],
    "Q": [
        [
            1.0,
            0.0,
            0.0,
            -335.30651473999023
        ],
        [
            0.0,
            1.0,
            0.0,
            -232.7032928466797
        ],
        [
            0.0,
            0.0,
            0.0,
            194.09649493963624
        ],
        [
            0.0,
            0.0,
            -0.09702628413177852,
            0.0
        ]
    ],
    "pixel_error": 1.7156503318749734,
    "calculated_baseline": 10.306485597673992,
    "fov_left": 117.68852495738838,
    "fov_right": 117.68852495738838,
    "is_flat_calibration": true
}