{
    "camera_matrix": [
        [
            207.34581803294697,
            0.0,
            320.51995041563686
        ],
        [
            0.0,
            208.87748390902797,
            243.93182977924224
        ],
        [
            0.0,
            0.0,
            1.0
        ]
    ],
    "dist_coeffs": [
        [
            0.005442558217482543,
            -0.029131679971189196,
            0.0014043170627721575,
            -5.347806025972033e-05,
            0.0038934268067916575
        ]
    ],
    "width": 640,
    "height": 480,
    "reprojection_error": 2.1306276585680886
}