{
    "camera_matrix": [
        [
            193.46116782774314,
            0.0,
            321.44524895044896
        ],
        [
            0.0,
            194.09649493963624,
            232.93126511438965
        ],
        [
            0.0,
            0.0,
            1.0
        ]
    ],
    "dist_coeffs": [
        [
            0.06988397561869975,
            -0.05828468838780515,
            -0.0026777143377176705,
            -0.0014244788318931582,
            0.008150170834620012
        ]
    ],
    "width": 640,
    "height": 480,
    "reprojection_error": 1.7073433028524714
}