{
    "camera_matrix": [
        [
            221.43350869699714,
            0.0,
            323.2498994431332
        ],
        [
            0.0,
            222.7392964714712,
            241.73481288925865
        ],
        [
            0.0,
            0.0,
            1.0
        ]
    ],
    "dist_coeffs": [
        [
            0.15639604644536215,
            -0.1469218117492075,
            0.005606387989167971,
            0.0019458753874567686,
            0.030983890337749807
        ]
    ],
    "width": 640,
    "height": 480,
    "reprojection_error": 0.5682598102332476
}