{
    "timestamp": 1768845277.0036585,
    "baseline": 10.0,
    "width": 640,
    "height": 480,
    "M1": [
        [
            221.43350869699714,
            0.0,
            323.2498994431332
        ],
        [
            0.0,
            222.7392964714712,
            241.73481288925865
        ],
        [
            0.0,
            0.0,
            1.0
        ]
    ],
    "d1": [
        [
            0.0,
            0.0,
            0.0,
            0.0,
            0.0
        ]
    ],
    "M2": [
        [
            221.43350869699714,
            0.0,
            323.2498994431332
        ],
        [
            0.0,
            222.7392964714712,
            241.73481288925865
        ],
        [
            0.0,
            0.0,
            1.0
        ]
    ],
    "d2": [
        [
            0.0,
            0.0,
            0.0,
            0.0,
            0.0
        ]
    ],
    "R": [
        [
            0.9998970962380551,
            0.0019517564059393741,
            0.014212233520369636
        ],
        [
            -0.002012170174860468,
            0.9999889961750874,
            0.004237770631892175
        ],
        [
            -0.014203806035462665,
            -0.004265931981759722,
            0.999890020811506
        ]
    ],
    "T": [
        [
            -10.856684430759984
        ],
        [
            -0.2048457532356635
        ],
        [
            0.08283458256902278
        ]
    ],
    "R1": [
        [
            0.9997604628533019,
            0.020847948386681348,
            0.0066618288343195005
        ],
        [
            -0.02086159584864456,
            0.999780401258154,
            0.001985718694194347
        ],
        [
            -0.006618967744242058,
            -0.0021242194215586215,
            0.9999758381870283
        ]
    ],
    "R2": [
        [
            0.9997929533245109,
            0.018864262096738593,
            -0.007628243454276047
        ],
        [
            -0.018879899811476093,
            0.9998197919509996,
            -0.0019831808209747445
        ],
        [
            0.00758945754061376,
            0.002126790682133142,
            0.9999689379653919
        ]
    ],
    "P1": [
        [
            222.7392964714712,
            0.0,
            323.64953231811523,
            0.0
        ],
        [
            0.0,
            222.7392964714712,
            241.6588134765625,
            0.0
        ],
        [
            0.0,
            0.0,
            1.0,
            0.0
        ]
    ],
    "P2": [
        [
            222.7392964714712,
            0.0,
            323.64953231811523,
            -2418.7110381996813
        ],
        [
            0.0,
            222.7392964714712,
            241.6588134765625,
            0.0
        ],
        [
            0.0,
            0.0,
            1.0,
            0.0
        ]
    ],
    "Q": [
        [
            1.0,
            0.0,
            0.0,
            -323.64953231811523
        ],
        [
            0.0,
            1.0,
            0.0,
            -241.6588134765625
        ],
        [
            0.0,
            0.0,
            0.0,
            222.7392964714712
        ],
        [
            0.0,
            0.0,
            0.09209008143331693,
            -0.0
        ]
    ],
    "pixel_error": 2.224541899993514,
    "calculated_baseline": 10.858932736682473,
    "fov_left": 110.63510326173564,
    "fov_right": 110.63510326173564,
    "is_flat_calibration": true
}