{
    "timestamp": 1768761688.0028977,
    "baseline": 10.0,
    "width": 640,
    "height": 480,
    "M1": [
        [
            194.25532291583403,
            0.0,
            315.12940969062726
        ],
        [
            0.0,
            195.33742820455478,
            239.21725186943263
        ],
        [
            0.0,
            0.0,
            1.0
        ]
    ],
    "d1": [
        [
            0.08101516300364116,
            -0.07277408138749934,
            0.0005268637418300683,
            -0.0056618352047968275,
            0.011470646929849582
        ]
    ],
    "M2": [
        [
            196.33211422597364,
            0.0,
            321.5814624681194
        ],
        [
            0.0,
            197.3286182493801,
            239.06151588304908
        ],
        [
            0.0,
            0.0,
            1.0
        ]
    ],
    "d2": [
        [
            0.0849191591143059,
            -0.08604396910017344,
            0.0017642703208419841,
            0.0006401410618373468,
            0.015151866663346471
        ]
    ],
    "R": [
        [
            0.9998306998160951,
            -0.006233734033876694,
            -0.017312199896392072
        ],
        [
            0.006155858669519919,
            0.999970710361868,
            -0.0045479470557631225
        ],
        [
            0.017340043520667606,
            0.004440605631669558,
            0.9998397891224
        ]
    ],
    "T": [
        [
            10.02635320808696
        ],
        [
            0.14272027360059605
        ],
        [
            -0.23756937052534696
        ]
    ],
    "R1": [
        [
            0.9991258435021974,
            0.007892131565911353,
            -0.04105195616981941
        ],
        [
            -0.007980346198426642,
            0.9999661855166398,
            -0.0019854213291458
        ],
        [
            0.04103489881278723,
            0.0023112945825478227,
            0.9991550405201272
        ]
    ],
    "R2": [
        [
            0.9996181935353556,
            0.014229080017091016,
            -0.023685447747073
        ],
        [
            -0.014178146356796947,
            0.9998968005766788,
            0.0023169726814393663
        ],
        [
            0.023715971812206027,
            -0.001980272301606945,
            0.9997167754932464
        ]
    ],
    "P1": [
        [
            196.33302322696744,
            0.0,
            342.39215087890625,
            0.0
        ],
        [
            0.0,
            196.33302322696744,
            240.20256233215332,
            0.0
        ],
        [
            0.0,
            0.0,
            1.0,
            0.0
        ]
    ],
    "P2": [
        [
            196.33302322696744,
            0.0,
            342.39215087890625,
            1969.256111999218
        ],
        [
            0.0,
            196.33302322696744,
            240.20256233215332,
            0.0
        ],
        [
            0.0,
            0.0,
            1.0,
            0.0
        ]
    ],
    "Q": [
        [
            1.0,
            0.0,
            0.0,
            -342.39215087890625
        ],
        [
            0.0,
            1.0,
            0.0,
            -240.20256233215332
        ],
        [
            0.0,
            0.0,
            0.0,
            196.33302322696744
        ],
        [
            0.0,
            0.0,
            -0.09969908029263255,
            0.0
        ]
    ],
    "pixel_error": 1.7678323763947192,
    "pixel_error_left": 1.5240269900718895,
    "pixel_error_right": 1.312362037073821,
    "calculated_baseline": 10.030182796720313,
    "fov_left": 117.4804888161836,
    "fov_right": 116.93861678759038
}