{
    "timestamp": 1768758645.6075537,
    "baseline": 14.0,
    "width": 640,
    "height": 480,
    "M1": [
        [
            212.29809116358726,
            0.0,
            316.685351182334
        ],
        [
            0.0,
            213.14448803535765,
            240.78666446779158
        ],
        [
            0.0,
            0.0,
            1.0
        ]
    ],
    "d1": [
        [
            0.09435378555163305,
            -0.09791919363129827,
            0.002433689014525325,
            -0.006244568906040603,
            0.017005940229469572
        ]
    ],
    "M2": [
        [
            213.72575358718757,
            0.0,
            323.44152367673274
        ],
        [
            0.0,
            214.64807740954393,
            241.55805654385838
        ],
        [
            0.0,
            0.0,
            1.0
        ]
    ],
    "d2": [
        [
            0.1217033245821044,
            -0.12435185714210208,
            0.001178277976740519,
            0.004565951284757673,
            0.02336064724129303
        ]
    ],
    "R": [
        [
            0.9995127388864625,
            0.007785027947305863,
            -0.030227109414262
        ],
        [
            -0.00776640206988202,
            0.9999695719847291,
            0.000733555428388644
        ],
        [
            0.030231900412826057,
            -0.0004984421102322958,
            0.9995427873547443
        ]
    ],
    "T": [
        [
            14.269573469947977
        ],
        [
            0.020294942297000997
        ],
        [
            0.3945476809966762
        ]
    ],
    "R1": [
        [
            0.9999544222841729,
            0.009189934391894054,
            -0.002588138365487167
        ],
        [
            -0.009188969717881459,
            0.9999577066517019,
            0.0003843740274222939
        ],
        [
            0.0025915612765437888,
            -0.0003605741834659606,
            0.9999965768923452
        ]
    ],
    "R2": [
        [
            0.9996169592165117,
            0.0014217081224680971,
            0.0276389868256664
        ],
        [
            -0.0014114121136409436,
            0.999998927116425,
            -0.0003920227600974554
        ],
        [
            -0.02763951451419363,
            0.0003528625985777657,
            0.9996178933599609
        ]
    ],
    "P1": [
        [
            213.8962827224508,
            0.0,
            304.8563041687012,
            0.0
        ],
        [
            0.0,
            213.8962827224508,
            243.59167861938477,
            0.0
        ],
        [
            0.0,
            0.0,
            1.0,
            0.0
        ]
    ],
    "P2": [
        [
            213.8962827224508,
            0.0,
            304.8563041687012,
            3053.3782896691378
        ],
        [
            0.0,
            213.8962827224508,
            243.59167861938477,
            0.0
        ],
        [
            0.0,
            0.0,
            1.0,
            0.0
        ]
    ],
    "Q": [
        [
            1.0,
            0.0,
            0.0,
            -304.8563041687012
        ],
        [
            0.0,
            1.0,
            0.0,
            -243.59167861938477
        ],
        [
            0.0,
            0.0,
            0.0,
            213.8962827224508
        ],
        [
            0.0,
            0.0,
            -0.07005233627492272,
            0.0
        ]
    ],
    "pixel_error": 1.5785309448621387,
    "pixel_error_left": 1.3270931299340296,
    "pixel_error_right": 1.2501806867913836,
    "calculated_baseline": 14.275041392987477,
    "fov_left": 112.87689977905016,
    "fov_right": 112.52263335978316
}