{
    "timestamp": 1768759268.7255447,
    "baseline": 13.0,
    "width": 640,
    "height": 480,
    "M1": [
        [
            209.33711182877002,
            0.0,
            321.41408660132873
        ],
        [
            0.0,
            210.04312866952966,
            234.1408558044313
        ],
        [
            0.0,
            0.0,
            1.0
        ]
    ],
    "d1": [
        [
            0.06948978868670035,
            -0.07031396702705252,
            -0.004847099698497297,
            -0.005823411277017603,
            0.01076535987150097
        ]
    ],
    "M2": [
        [
            201.20829473783388,
            0.0,
            321.35663621625986
        ],
        [
            0.0,
            202.5396336259093,
            240.17840788732371
        ],
        [
            0.0,
            0.0,
            1.0
        ]
    ],
    "d2": [
        [
            0.0882550673354803,
            -0.0771502703311178,
            0.0014335846379278005,
            0.0030182414652850644,
            0.011978663817762462
        ]
    ],
    "R": [
        [
            0.9999490927353876,
            0.0034123729146405494,
            -0.009495664735377838
        ],
        [
            -0.0036745846102073836,
            0.9996085625344163,
            -0.027734800086180365
        ],
        [
            0.009397306295832747,
            0.027768280806873713,
            0.999570214249811
        ]
    ],
    "T": [
        [
            13.952998453639687
        ],
        [
            0.28783395946926027
        ],
        [
            -0.7549606808796347
        ]
    ],
    "R1": [
        [
            0.9976935129085263,
            0.022492973126195574,
            -0.06404467550225264
        ],
        [
            -0.023379733792760093,
            0.9996404274673709,
            -0.01313026354006889
        ],
        [
            0.06372630813113425,
            0.014597326220792446,
            0.9978606494492003
        ]
    ],
    "R2": [
        [
            0.9983276242397833,
            0.020594325577203806,
            -0.05401692728923155
        ],
        [
            -0.01984271709493292,
            0.9996992067962963,
            0.014413969236343813
        ],
        [
            0.05429752533993106,
            -0.013318021057046658,
            0.9984359814515319
        ]
    ],
    "P1": [
        [
            206.29138114771948,
            0.0,
            370.75174713134766,
            0.0
        ],
        [
            0.0,
            206.29138114771948,
            232.52663803100586,
            0.0
        ],
        [
            0.0,
            0.0,
            1.0,
            0.0
        ]
    ],
    "P2": [
        [
            206.29138114771948,
            0.0,
            370.75174713134766,
            2883.2051245152966
        ],
        [
            0.0,
            206.29138114771948,
            232.52663803100586,
            0.0
        ],
        [
            0.0,
            0.0,
            1.0,
            0.0
        ]
    ],
    "Q": [
        [
            1.0,
            0.0,
            0.0,
            -370.75174713134766
        ],
        [
            0.0,
            1.0,
            0.0,
            -232.52663803100586
        ],
        [
            0.0,
            0.0,
            0.0,
            206.29138114771948
        ],
        [
            0.0,
            0.0,
            -0.07154932522617505,
            0.0
        ]
    ],
    "pixel_error": 2.094236318891345,
    "pixel_error_left": 1.3855708764387968,
    "pixel_error_right": 1.3573892348853425,
    "calculated_baseline": 13.976372199722269,
    "fov_left": 113.61630421397814,
    "fov_right": 115.67861456345067
}