{
    "timestamp": 1768761355.1706638,
    "baseline": 15.0,
    "width": 640,
    "height": 480,
    "M1": [
        [
            194.77074401560154,
            0.0,
            317.09422741399953
        ],
        [
            0.0,
            195.7446925306981,
            241.02744827372183
        ],
        [
            0.0,
            0.0,
            1.0
        ]
    ],
    "d1": [
        [
            0.0702368120170713,
            -0.06422342531992843,
            0.0023865344061340843,
            -0.006465754757058591,
            0.009422997881888577
        ]
    ],
    "M2": [
        [
            182.64376633878615,
            0.0,
            323.49554040000805
        ],
        [
            0.0,
            183.82162129324345,
            240.36404383679024
        ],
        [
            0.0,
            0.0,
            1.0
        ]
    ],
    "d2": [
        [
            0.03765561959440876,
            -0.037741716342238434,
            0.0026525032939525004,
            0.00343872620310977,
            0.004747311926432909
        ]
    ],
    "R": [
        [
            0.9997995549303946,
            0.0034282164971347227,
            -0.01972554923528505
        ],
        [
            -0.003469046403688552,
            0.9999919100674506,
            -0.0020360541989050017
        ],
        [
            0.019718409622328494,
            0.002104074927514821,
            0.9998033592615427
        ]
    ],
    "T": [
        [
            15.555124832402527
        ],
        [
            0.18067920819719083
        ],
        [
            -2.0146242747569434
        ]
    ],
    "R1": [
        [
            0.9888799438587998,
            0.014647705962478233,
            -0.14799290977561577
        ],
        [
            -0.014809067278931507,
            0.9998903396837115,
            1.1555087477580417e-05
        ],
        [
            0.14797685008184505,
            0.002180210363415837,
            0.9889884218344653
        ]
    ],
    "R2": [
        [
            0.9916511846850993,
            0.011518438635958876,
            -0.12843384866937793
        ],
        [
            -0.011378486247027805,
            0.9999336004531083,
            0.001823385754538726
        ],
        [
            0.12844632327694402,
            -0.0003467798628888786,
            0.991716401891368
        ]
    ],
    "P1": [
        [
            189.78315691197076,
            0.0,
            461.3940963745117,
            0.0
        ],
        [
            0.0,
            189.78315691197076,
            245.17837524414062,
            0.0
        ],
        [
            0.0,
            0.0,
            1.0,
            0.0
        ]
    ],
    "P2": [
        [
            189.78315691197076,
            0.0,
            461.3940963745117,
            2976.954742196559
        ],
        [
            0.0,
            189.78315691197076,
            245.17837524414062,
            0.0
        ],
        [
            0.0,
            0.0,
            1.0,
            0.0
        ]
    ],
    "Q": [
        [
            1.0,
            0.0,
            0.0,
            -461.3940963745117
        ],
        [
            0.0,
            1.0,
            0.0,
            -245.17837524414062
        ],
        [
            0.0,
            0.0,
            0.0,
            189.78315691197076
        ],
        [
            0.0,
            0.0,
            -0.06375076994685464,
            0.0
        ]
    ],
    "pixel_error": 2.385329402736041,
    "pixel_error_left": 1.8131178293211438,
    "pixel_error_right": 1.7634088454011578,
    "calculated_baseline": 15.686085059578774,
    "fov_left": 117.34571442003504,
    "fov_right": 120.5678552131384
}