{
    "timestamp": 1768758250.997183,
    "baseline": 15.0,
    "width": 640,
    "height": 480,
    "M1": [
        [
            203.46708438987582,
            0.0,
            318.9520757152932
        ],
        [
            0.0,
            204.18122760504366,
            240.75576882448422
        ],
        [
            0.0,
            0.0,
            1.0
        ]
    ],
    "d1": [
        [
            0.04227300846416389,
            -0.05561644878640718,
            0.003644845088192196,
            -0.004157229088377221,
            0.008225659673880307
        ]
    ],
    "M2": [
        [
            208.6570436682696,
            0.0,
            322.75289758219975
        ],
        [
            0.0,
            209.0185880923079,
            234.38566709540797
        ],
        [
            0.0,
            0.0,
            1.0
        ]
    ],
    "d2": [
        [
            0.07960649098295207,
            -0.08858594750463944,
            0.00022985521282869607,
            0.0029931893920733007,
            0.015225402692605541
        ]
    ],
    "R": [
        [
            0.9999575294477363,
            -6.606683659178244e-05,
            -0.009216015188396487
        ],
        [
            0.00026317053406835715,
            0.9997712263685772,
            0.021387511934331596
        ],
        [
            0.00921249380187852,
            -0.021389028978527312,
            0.9997287829193007
        ]
    ],
    "T": [
        [
            15.13662852058676
        ],
        [
            0.3185963441029592
        ],
        [
            0.8730037305869003
        ]
    ],
    "R1": [
        [
            0.9986140730273166,
            0.019706440378391258,
            0.04880153029778844
        ],
        [
            -0.020229380878233335,
            0.9997428731241018,
            0.010244988377228637
        ],
        [
            -0.04858708986013075,
            -0.011218014315336415,
            0.9987559515986598
        ]
    ],
    "R2": [
        [
            0.998120603749519,
            0.02100848117504803,
            0.05756651882312423
        ],
        [
            -0.020388989542777444,
            0.9997279493507436,
            -0.011327682568897518
        ],
        [
            -0.057788835220308574,
            0.010132670214452114,
            0.9982774060942204
        ]
    ],
    "P1": [
        [
            206.5999078486758,
            0.0,
            268.8413734436035,
            0.0
        ],
        [
            0.0,
            206.5999078486758,
            241.45755004882812,
            0.0
        ],
        [
            0.0,
            0.0,
            1.0,
            0.0
        ]
    ],
    "P2": [
        [
            206.5999078486758,
            0.0,
            268.8413734436035,
            3133.1144209879944
        ],
        [
            0.0,
            206.5999078486758,
            241.45755004882812,
            0.0
        ],
        [
            0.0,
            0.0,
            1.0,
            0.0
        ]
    ],
    "Q": [
        [
            1.0,
            0.0,
            0.0,
            -268.8413734436035
        ],
        [
            0.0,
            1.0,
            0.0,
            -241.45755004882812
        ],
        [
            0.0,
            0.0,
            0.0,
            206.5999078486758
        ],
        [
            0.0,
            0.0,
            -0.0659407477954561,
            0.0
        ]
    ],
    "pixel_error": 1.950198989379183,
    "pixel_error_left": 1.812303035231042,
    "pixel_error_right": 1.6157092436158238,
    "calculated_baseline": 15.165129808687261,
    "fov_left": 115.10077198297252,
    "fov_right": 113.78701657530951
}