{
    "timestamp": 1768845960.1450965,
    "baseline": 10.0,
    "width": 640,
    "height": 480,
    "M1": [
        [
            196.7150922670276,
            0.0,
            322.59140985794807
        ],
        [
            0.0,
            197.28275596798306,
            238.5455498753626
        ],
        [
            0.0,
            0.0,
            1.0
        ]
    ],
    "d1": [
        [
            0.07946682403145577,
            -0.06878723028045566,
            0.00020181859668870172,
            0.002255684072006216,
            0.010441924046176651
        ]
    ],
    "M2": [
        [
            190.98039920179286,
            0.0,
            319.49310905566716
        ],
        [
            0.0,
            191.3598860594615,
            234.18929002813636
        ],
        [
            0.0,
            0.0,
            1.0
        ]
    ],
    "d2": [
        [
            0.03797331762621839,
            -0.04145986494208168,
            0.00017884661227844523,
            -0.005130534068578434,
            0.005469317765006078
        ]
    ],
    "R": [
        [
            0.9998097772081309,
            0.005452398462435429,
            0.018726471905684987
        ],
        [
            -0.005780719486863019,
            0.9998297440155524,
            0.017523306309289274
        ],
        [
            -0.018627739563397902,
            -0.017628225458105728,
            0.9996710723962939
        ]
    ],
    "T": [
        [
            -10.428605064489124
        ],
        [
            0.04139923641816453
        ],
        [
            -0.9126019218943898
        ]
    ],
    "R1": [
        [
            0.9943945847832952,
            -5.911331277578581e-05,
            0.10573271139658766
        ],
        [
            -0.0008856959999423058,
            0.9999601011440888,
            0.00888885045994794
        ],
        [
            -0.105729018231768,
            -0.008932671801867742,
            0.9943548572206133
        ]
    ],
    "R2": [
        [
            0.9961851066093029,
            -0.003954632713554895,
            0.08717565170340068
        ],
        [
            0.004733110206011205,
            0.9999507339621336,
            -0.008725096925995091
        ],
        [
            -0.08713685235071035,
            0.009104423578191969,
            0.9961547462285762
        ]
    ],
    "P1": [
        [
            194.3213210137223,
            0.0,
            225.5811004638672,
            0.0
        ],
        [
            0.0,
            194.3213210137223,
            236.07672500610352,
            0.0
        ],
        [
            0.0,
            0.0,
            1.0,
            0.0
        ]
    ],
    "P2": [
        [
            194.3213210137223,
            0.0,
            225.5811004638672,
            -2034.2608005448737
        ],
        [
            0.0,
            194.3213210137223,
            236.07672500610352,
            0.0
        ],
        [
            0.0,
            0.0,
            1.0,
            0.0
        ]
    ],
    "Q": [
        [
            1.0,
            0.0,
            0.0,
            -225.5811004638672
        ],
        [
            0.0,
            1.0,
            0.0,
            -236.07672500610352
        ],
        [
            0.0,
            0.0,
            0.0,
            194.3213210137223
        ],
        [
            0.0,
            0.0,
            0.09552429116348976,
            -0.0
        ]
    ],
    "pixel_error": 1.6051580888311987,
    "pixel_error_left": 1.0508418791899703,
    "pixel_error_right": 1.441113227570831,
    "calculated_baseline": 10.46854143401599,
    "fov_left": 116.83903244251476,
    "fov_right": 118.34133321390547
}